name,width,height,class_,bbox
akhand_b43_239.jpg,1024,768,,[]
akhand_b43_31.jpg,800,600,,[]
akhand_b43_512.jpg,1024,768,Scratch_or_spot,"[[225.0, 330.0, 430.0, 481.0]]"
akhand_b43_520.jpg,1024,768,Scratch_or_spot,"[[355.0, 446.0, 584.0, 532.0]]"
akhand_b43_194.jpg,640,480,Scratch_or_spot,"[[288.0, 394.0, 327.0, 440.0], [240.0, 370.0, 279.0, 397.0], [98.0, 336.0, 117.0, 359.0], [1.0, 288.0, 29.0, 326.0]]"
akhand_b43_441.jpg,1024,768,,[]
akhand_b43_193.jpg,640,480,,[]
akhand_b43_275.jpg,1024,768,Scratch_or_spot,"[[336.0, 197.0, 814.0, 277.0]]"
akhand_b43_9.jpg,1024,768,,[]
akhand_b43_595.jpg,1600,1200,Scratch_or_spot,"[[236.0, 643.0, 298.0, 678.0]]"
akhand_b43_572.jpg,1024,768,,[]
akhand_b43_26.jpg,640,480,,[]
akhand_b43_534.jpg,1024,768,,[]
akhand_b43_433.jpg,1024,768,,[]
akhand_b43_554.jpg,1024,768,,[]
akhand_b43_446.jpg,1024,768,,[]
akhand_b43_123.jpg,1600,1200,,[]
akhand_b43_378.jpg,1024,768,,[]
akhand_b43_385.jpg,1600,1200,,[]
akhand_b43_58.jpg,800,600,,[]
akhand_b43_97.jpg,800,600,,[]
akhand_b43_494.jpg,1024,768,Scratch_or_spot,"[[570.0, 279.0, 603.0, 337.0], [609.0, 369.0, 660.0, 458.0], [622.0, 485.0, 665.0, 564.0]]"
akhand_b43_237.jpg,1024,768,,[]
akhand_b43_326.jpg,1600,1200,,[]
akhand_b43_570.jpg,1024,768,Scratch_or_spot,"[[486.0, 385.0, 588.0, 459.0]]"
akhand_b43_155.jpg,640,480,,[]
akhand_b43_48.jpg,1600,1200,,[]
akhand_b43_428.jpg,1024,768,,[]
akhand_b43_354.jpg,1024,768,Scratch_or_spot,"[[396.0, 535.0, 446.0, 581.0], [339.0, 478.0, 380.0, 522.0]]"
akhand_b43_284.jpg,1024,768,Scratch_or_spot,"[[477.0, 382.0, 750.0, 445.0]]"
akhand_b43_224.jpg,800,600,,[]
akhand_b43_389.jpg,1600,1200,,[]
akhand_b43_367.jpg,800,600,Scratch_or_spot,"[[494.0, 308.0, 652.0, 385.0]]"
akhand_b43_402.jpg,1600,1200,,[]
akhand_b43_210.jpg,640,480,,[]
akhand_b43_424.jpg,1024,768,,[]
akhand_b43_498.jpg,1024,768,Scratch_or_spot,"[[453.0, 457.0, 516.0, 486.0]]"
akhand_b43_290.jpg,1024,768,,[]
akhand_b43_388.jpg,1600,1200,,[]
akhand_b43_483.jpg,1024,768,,[]
akhand_b43_360.jpg,800,600,Scratch_or_spot,"[[266.0, 264.0, 437.0, 294.0], [229.0, 281.0, 261.0, 300.0]]"
akhand_b43_451.jpg,1024,768,Scratch_or_spot,"[[313.0, 430.0, 372.0, 477.0], [303.0, 488.0, 326.0, 507.0]]"
akhand_b43_205.jpg,640,480,Scratch_or_spot,"[[436.0, 326.0, 506.0, 360.0], [518.0, 352.0, 545.0, 386.0]]"
akhand_b43_489.jpg,1024,768,,[]
akhand_b43_209.jpg,640,480,,[]
akhand_b43_37.jpg,800,600,Scratch_or_spot,"[[595.0, 184.0, 685.0, 222.0], [260.0, 57.0, 367.0, 102.0]]"
akhand_b43_543.jpg,1024,768,Scratch_or_spot,"[[441.0, 426.0, 511.0, 554.0], [523.0, 414.0, 573.0, 533.0]]"
akhand_b43_186.jpg,640,480,Scratch_or_spot,"[[114.0, 231.0, 148.0, 275.0], [27.0, 99.0, 82.0, 137.0]]"
akhand_b43_351.jpg,1024,768,,[]
akhand_b43_321.jpg,800,600,,[]
akhand_b43_23.jpg,640,480,,[]
akhand_b43_459.jpg,640,480,,[]
akhand_b43_18.jpg,640,480,,[]
akhand_b43_232.jpg,1024,768,,[]
akhand_b43_22.jpg,640,480,,[]
akhand_b43_248.jpg,1024,768,,[]
akhand_b43_527.jpg,1024,768,Scratch_or_spot,"[[287.0, 399.0, 537.0, 482.0], [148.0, 438.0, 243.0, 504.0]]"
akhand_b43_318.jpg,1024,768,Scratch_or_spot,"[[414.0, 480.0, 576.0, 583.0]]"
akhand_b43_127.jpg,640,480,,[]
akhand_b43_450.jpg,1024,768,,[]
akhand_b43_558.jpg,1024,768,,[]
akhand_b43_400.jpg,1600,1200,,[]
akhand_b43_332.jpg,720,540,Scratch_or_spot,"[[453.0, 221.0, 490.0, 259.0], [408.0, 219.0, 429.0, 246.0]]"
akhand_b43_547.jpg,1024,768,,[]
akhand_b43_322.jpg,800,600,,[]
akhand_b43_565.jpg,1024,768,,[]
akhand_b43_375.jpg,1600,1200,,[]
akhand_b43_211.jpg,640,480,,[]
akhand_b43_423.jpg,1024,768,,[]
akhand_b43_501.jpg,1024,768,Scratch_or_spot,"[[412.0, 553.0, 512.0, 652.0]]"
akhand_b43_584.jpg,1600,1200,Scratch_or_spot,"[[869.0, 991.0, 926.0, 1078.0], [914.0, 872.0, 978.0, 922.0], [739.0, 826.0, 853.0, 870.0]]"
akhand_b43_465.jpg,1024,768,,[]
akhand_b43_443.jpg,1024,768,,[]
akhand_b43_62.jpg,800,600,,[]
akhand_b43_371.jpg,800,600,Scratch_or_spot,"[[446.0, 336.0, 531.0, 387.0]]"
akhand_b43_394.jpg,1600,1200,,[]
akhand_b43_135.jpg,800,600,,[]
akhand_b43_309.jpg,1024,768,Scratch_or_spot,"[[561.0, 626.0, 607.0, 695.0]]"
akhand_b43_590.jpg,640,480,Scratch_or_spot,"[[324.0, 328.0, 340.0, 366.0], [319.0, 372.0, 330.0, 396.0]]"
akhand_b43_181.jpg,640,480,,[]
akhand_b43_517.jpg,1024,768,,[]
akhand_b43_356.jpg,800,600,Scratch_or_spot,"[[198.0, 329.0, 393.0, 395.0]]"
akhand_b43_51.jpg,800,600,,[]
akhand_b43_406.jpg,1024,768,Scratch_or_spot,"[[270.0, 448.0, 301.0, 522.0], [246.0, 498.0, 267.0, 525.0]]"
akhand_b43_463.jpg,1024,768,,[]
akhand_b43_470.jpg,1024,768,,[]
akhand_b43_396.jpg,1600,1200,,[]
akhand_b43_274.jpg,1024,768,,[]
akhand_b43_338.jpg,1600,1200,,[]
akhand_b43_383.jpg,1600,1200,,[]
akhand_b43_347.jpg,640,480,,[]
akhand_b43_482.jpg,1024,768,,[]
akhand_b43_287.jpg,1024,768,Scratch_or_spot,"[[473.0, 253.0, 504.0, 326.0]]"
akhand_b43_139.jpg,640,480,,[]
akhand_b43_227.jpg,800,600,Scratch_or_spot,"[[221.0, 242.0, 284.0, 286.0]]"
akhand_b43_142.jpg,640,480,,[]
akhand_b43_511.jpg,1024,768,,[]
akhand_b43_189.jpg,640,480,,[]
akhand_b43_192.jpg,640,480,,[]
akhand_b43_276.jpg,1024,768,Scratch_or_spot,"[[462.0, 464.0, 538.0, 511.0]]"
akhand_b43_81.jpg,800,600,,[]
akhand_b43_172.jpg,640,480,,[]
akhand_b43_401.jpg,1600,1200,,[]
akhand_b43_153.jpg,640,480,,[]
akhand_b43_524.jpg,1024,768,,[]
akhand_b43_137.jpg,800,600,Scratch_or_spot,"[[424.0, 348.0, 520.0, 557.0]]"
akhand_b43_214.jpg,640,480,,[]
akhand_b43_285.jpg,1024,768,Scratch_or_spot,"[[411.0, 364.0, 429.0, 411.0]]"
akhand_b43_343.jpg,1600,1200,Scratch_or_spot,"[[915.0, 357.0, 1077.0, 662.0]]"
akhand_b43_562.jpg,1024,768,Scratch_or_spot,"[[409.0, 405.0, 636.0, 504.0], [531.0, 522.0, 624.0, 628.0]]"
akhand_b43_535.jpg,1024,768,,[]
akhand_b43_491.jpg,1024,768,,[]
akhand_b43_8.jpg,1024,768,,[]
akhand_b43_409.jpg,1024,768,,[]
akhand_b43_308.jpg,1024,768,,[]
akhand_b43_80.jpg,800,600,,[]
akhand_b43_59.jpg,800,600,,[]
akhand_b43_373.jpg,1600,1200,,[]
akhand_b43_266.jpg,640,480,,[]
akhand_b43_447.jpg,1024,768,,[]
akhand_b43_265.jpg,1024,768,,[]
akhand_b43_7.jpg,800,600,,[]
akhand_b43_104.jpg,800,600,,[]
akhand_b43_531.jpg,1024,768,,[]
akhand_b43_329.jpg,1600,1200,,[]
akhand_b43_2.jpg,640,360,Scratch_or_spot,"[[196.0, 9.0, 318.0, 63.0], [63.0, 119.0, 287.0, 162.0]]"
akhand_b43_102.jpg,800,600,,[]
akhand_b43_76.jpg,800,600,,[]
akhand_b43_233.jpg,1024,768,,[]
akhand_b43_408.jpg,1024,768,,[]
akhand_b43_471.jpg,1024,768,Scratch_or_spot,"[[234.0, 615.0, 398.0, 660.0]]"
akhand_b43_549.jpg,1024,768,Scratch_or_spot,"[[653.0, 592.0, 704.0, 620.0]]"
akhand_b43_132.jpg,800,600,,[]
akhand_b43_278.jpg,1024,768,,[]
akhand_b43_497.jpg,1024,768,,[]
akhand_b43_374.jpg,1600,1200,Scratch_or_spot,"[[270.0, 764.0, 327.0, 807.0], [186.0, 864.0, 218.0, 959.0]]"
akhand_b43_445.jpg,1024,768,Scratch_or_spot,"[[321.0, 517.0, 410.0, 554.0], [704.0, 442.0, 798.0, 477.0]]"
akhand_b43_73.jpg,800,600,,[]
akhand_b43_467.jpg,1024,768,,[]
akhand_b43_597.jpg,1600,1200,,[]
akhand_b43_144.jpg,640,480,Scratch_or_spot,"[[3.0, 393.0, 37.0, 436.0], [42.0, 413.0, 77.0, 470.0]]"
akhand_b43_263.jpg,640,480,,[]
akhand_b43_468.jpg,1024,768,,[]
akhand_b43_427.jpg,1024,768,,[]
akhand_b43_510.jpg,1024,768,,[]
akhand_b43_38.jpg,800,600,,[]
akhand_b43_577.jpg,1600,1200,,[]
akhand_b43_228.jpg,800,600,,[]
akhand_b43_283.jpg,1024,768,Scratch_or_spot,"[[361.0, 283.0, 427.0, 380.0], [240.0, 188.0, 277.0, 293.0]]"
akhand_b43_223.jpg,800,600,Scratch_or_spot,"[[424.0, 204.0, 461.0, 246.0]]"
akhand_b43_64.jpg,800,600,Scratch_or_spot,"[[458.0, 330.0, 526.0, 391.0]]"
akhand_b43_514.jpg,1024,768,,[]
akhand_b43_479.jpg,1024,768,,[]
akhand_b43_152.jpg,640,480,,[]
akhand_b43_84.jpg,800,600,,[]
akhand_b43_439.jpg,1024,768,,[]
akhand_b43_380.jpg,1024,768,,[]
akhand_b43_255.jpg,1024,768,,[]
akhand_b43_221.jpg,800,600,Scratch_or_spot,"[[407.0, 357.0, 439.0, 407.0]]"
akhand_b43_364.jpg,1024,768,Scratch_or_spot,"[[562.0, 533.0, 584.0, 555.0], [602.0, 495.0, 643.0, 523.0], [650.0, 479.0, 705.0, 501.0], [697.0, 454.0, 736.0, 473.0], [449.0, 591.0, 490.0, 616.0]]"
akhand_b43_89.jpg,640,480,,[]
akhand_b43_246.jpg,1024,768,,[]
akhand_b43_128.jpg,640,480,,[]
akhand_b43_521.jpg,1024,768,,[]
akhand_b43_462.jpg,640,480,,[]
akhand_b43_208.jpg,640,480,,[]
akhand_b43_476.jpg,1024,768,,[]
akhand_b43_44.jpg,1600,1200,Scratch_or_spot,"[[936.0, 826.0, 1011.0, 878.0]]"
akhand_b43_122.jpg,1600,1200,,[]
akhand_b43_457.jpg,1024,768,Scratch_or_spot,"[[639.0, 303.0, 767.0, 358.0]]"
akhand_b43_429.jpg,1024,768,,[]
akhand_b43_288.jpg,1024,768,Scratch_or_spot,"[[350.0, 298.0, 366.0, 361.0]]"
akhand_b43_30.jpg,800,600,,[]
akhand_b43_15.jpg,640,480,,[]
akhand_b43_507.jpg,1024,768,Scratch_or_spot,"[[497.0, 467.0, 542.0, 493.0], [542.0, 504.0, 577.0, 517.0]]"
akhand_b43_330.jpg,1600,1200,,[]
akhand_b43_69.jpg,800,600,,[]
akhand_b43_528.jpg,1024,768,Scratch_or_spot,"[[356.0, 358.0, 678.0, 421.0]]"
akhand_b43_454.jpg,1024,768,,[]
akhand_b43_33.jpg,640,480,,[]
akhand_b43_56.jpg,800,600,,[]
akhand_b43_95.jpg,800,600,Scratch_or_spot,"[[408.0, 293.0, 452.0, 398.0]]"
akhand_b43_21.jpg,800,600,,[]
akhand_b43_377.jpg,1024,768,,[]
akhand_b43_159.jpg,800,600,Scratch_or_spot,"[[635.0, 55.0, 705.0, 106.0]]"
akhand_b43_455.jpg,1024,768,,[]
akhand_b43_74.jpg,800,600,,[]
akhand_b43_516.jpg,1024,768,Scratch_or_spot,"[[156.0, 478.0, 210.0, 551.0]]"
akhand_b43_257.jpg,1024,768,Scratch_or_spot,"[[419.0, 445.0, 540.0, 504.0]]"
akhand_b43_536.jpg,1024,768,Scratch_or_spot,"[[512.0, 634.0, 545.0, 722.0]]"
akhand_b43_198.jpg,640,480,Scratch_or_spot,"[[219.0, 345.0, 244.0, 372.0]]"
akhand_b43_183.jpg,640,480,Scratch_or_spot,"[[341.0, 349.0, 376.0, 376.0]]"
akhand_b43_158.jpg,800,600,,[]
akhand_b43_47.jpg,1600,1200,,[]
akhand_b43_566.jpg,1024,768,,[]
akhand_b43_71.jpg,800,600,,[]
akhand_b43_176.jpg,800,600,Scratch_or_spot,"[[437.0, 420.0, 471.0, 451.0]]"
akhand_b43_170.jpg,640,480,,[]
akhand_b43_247.jpg,1024,768,,[]
akhand_b43_105.jpg,640,480,,[]
akhand_b43_60.jpg,640,480,Scratch_or_spot,"[[414.0, 291.0, 419.0, 312.0], [353.0, 269.0, 387.0, 298.0], [389.0, 347.0, 409.0, 368.0], [196.0, 350.0, 238.0, 365.0], [244.0, 330.0, 284.0, 352.0]]"
akhand_b43_560.jpg,1024,768,Scratch_or_spot,"[[602.0, 430.0, 680.0, 485.0]]"
akhand_b43_500.jpg,1024,768,,[]
akhand_b43_575.jpg,1600,1200,Scratch_or_spot,"[[1009.0, 945.0, 1126.0, 1063.0]]"
akhand_b43_36.jpg,800,600,Scratch_or_spot,"[[575.0, 367.0, 619.0, 402.0]]"
akhand_b43_46.jpg,640,480,,[]
akhand_b43_134.jpg,800,600,,[]
akhand_b43_301.jpg,1024,768,,[]
akhand_b43_485.jpg,1024,768,,[]
akhand_b43_68.jpg,1600,1200,,[]
akhand_b43_151.jpg,640,480,,[]
akhand_b43_19.jpg,800,600,Scratch_or_spot,"[[177.0, 166.0, 208.0, 183.0], [260.0, 96.0, 332.0, 146.0], [652.0, 148.0, 677.0, 175.0]]"
akhand_b43_271.jpg,1024,768,Scratch_or_spot,"[[330.0, 422.0, 364.0, 464.0]]"
akhand_b43_259.jpg,1024,768,,[]
akhand_b43_569.jpg,1024,768,,[]
akhand_b43_254.jpg,1024,768,Scratch_or_spot,"[[554.0, 496.0, 604.0, 544.0], [606.0, 548.0, 640.0, 591.0], [627.0, 591.0, 663.0, 633.0], [703.0, 579.0, 728.0, 629.0], [671.0, 629.0, 698.0, 668.0]]"
akhand_b43_14.jpg,640,480,,[]
akhand_b43_426.jpg,1024,768,Scratch_or_spot,"[[657.0, 299.0, 790.0, 347.0], [810.0, 310.0, 873.0, 343.0]]"
akhand_b43_72.jpg,800,600,,[]
akhand_b43_313.jpg,1024,768,,[]
akhand_b43_480.jpg,1024,768,,[]
akhand_b43_41.jpg,800,600,Scratch_or_spot,"[[408.0, 182.0, 499.0, 266.0]]"
akhand_b43_300.jpg,1024,768,,[]
akhand_b43_115.jpg,800,600,Scratch_or_spot,"[[440.0, 384.0, 492.0, 424.0], [393.0, 423.0, 433.0, 466.0]]"
akhand_b43_93.jpg,800,600,Scratch_or_spot,"[[468.0, 241.0, 506.0, 323.0]]"
akhand_b43_487.jpg,1024,768,,[]
akhand_b43_188.jpg,640,480,,[]
akhand_b43_291.jpg,1024,768,,[]
akhand_b43_229.jpg,800,600,Scratch_or_spot,"[[625.0, 295.0, 662.0, 321.0]]"
akhand_b43_277.jpg,1024,768,,[]
akhand_b43_252.jpg,1024,768,,[]
akhand_b43_312.jpg,1024,768,Scratch_or_spot,"[[609.0, 367.0, 825.0, 409.0], [69.0, 382.0, 600.0, 410.0]]"
akhand_b43_484.jpg,1024,768,,[]
akhand_b43_196.jpg,640,480,,[]
akhand_b43_235.jpg,1024,768,,[]
akhand_b43_124.jpg,800,600,,[]
akhand_b43_226.jpg,800,600,Scratch_or_spot,"[[157.0, 420.0, 212.0, 442.0], [99.0, 419.0, 141.0, 435.0]]"
akhand_b43_522.jpg,1024,768,Scratch_or_spot,"[[681.0, 412.0, 742.0, 490.0], [759.0, 394.0, 780.0, 447.0]]"
akhand_b43_421.jpg,1024,768,Scratch_or_spot,"[[495.0, 378.0, 734.0, 478.0], [795.0, 486.0, 1020.0, 581.0], [327.0, 384.0, 490.0, 426.0]]"
akhand_b43_262.jpg,1024,768,,[]
akhand_b43_100.jpg,640,480,Scratch_or_spot,"[[346.0, 196.0, 376.0, 285.0]]"
akhand_b43_419.jpg,1024,768,Scratch_or_spot,"[[516.0, 499.0, 779.0, 571.0]]"
akhand_b43_306.jpg,1024,768,Scratch_or_spot,"[[539.0, 595.0, 577.0, 633.0]]"
akhand_b43_168.jpg,800,600,,[]
akhand_b43_145.jpg,640,480,,[]
akhand_b43_440.jpg,1024,768,,[]
akhand_b43_366.jpg,1600,1200,Scratch_or_spot,"[[583.0, 437.0, 986.0, 527.0], [415.0, 712.0, 538.0, 814.0]]"
akhand_b43_550.jpg,1024,768,,[]
akhand_b43_292.jpg,1024,768,,[]
akhand_b43_179.jpg,640,480,Scratch_or_spot,"[[235.0, 404.0, 271.0, 426.0]]"
akhand_b43_442.jpg,1024,768,,[]
akhand_b43_341.jpg,1600,1200,,[]
akhand_b43_65.jpg,1600,1200,Scratch_or_spot,"[[697.0, 793.0, 995.0, 965.0]]"
akhand_b43_348.jpg,1024,768,,[]
akhand_b43_593.jpg,1600,1200,,[]
akhand_b43_40.jpg,800,600,Scratch_or_spot,"[[497.0, 161.0, 618.0, 301.0]]"
akhand_b43_357.jpg,800,600,Scratch_or_spot,"[[446.0, 98.0, 611.0, 205.0], [282.0, 82.0, 433.0, 134.0]]"
akhand_b43_264.jpg,640,480,,[]
akhand_b43_574.jpg,1024,768,,[]
akhand_b43_173.jpg,640,480,,[]
akhand_b43_230.jpg,1024,768,,[]
akhand_b43_272.jpg,1024,768,Scratch_or_spot,"[[102.0, 261.0, 374.0, 436.0], [392.0, 196.0, 585.0, 346.0], [177.0, 526.0, 418.0, 687.0]]"
akhand_b43_79.jpg,800,600,Scratch_or_spot,"[[222.0, 393.0, 240.0, 417.0]]"
akhand_b43_171.jpg,800,600,Scratch_or_spot,"[[268.0, 436.0, 291.0, 463.0], [311.0, 532.0, 353.0, 548.0]]"
akhand_b43_405.jpg,1600,1200,,[]
akhand_b43_1.jpg,640,360,,[]
akhand_b43_197.jpg,640,480,,[]
akhand_b43_133.jpg,800,600,,[]
akhand_b43_564.jpg,1024,768,,[]
akhand_b43_12.jpg,640,480,,[]
akhand_b43_461.jpg,1024,768,,[]
akhand_b43_506.jpg,1024,768,,[]
akhand_b43_281.jpg,1024,768,,[]
akhand_b43_236.jpg,1024,768,,[]
akhand_b43_418.jpg,1024,768,Scratch_or_spot,"[[375.0, 451.0, 681.0, 501.0], [150.0, 461.0, 351.0, 504.0], [149.0, 564.0, 234.0, 591.0], [255.0, 570.0, 279.0, 591.0]]"
akhand_b43_513.jpg,1024,768,,[]
akhand_b43_586.jpg,800,600,,[]
akhand_b43_52.jpg,800,600,,[]
akhand_b43_82.jpg,800,600,,[]
akhand_b43_24.jpg,640,480,,[]
akhand_b43_217.jpg,640,480,Scratch_or_spot,"[[400.0, 326.0, 463.0, 361.0]]"
akhand_b43_541.jpg,1024,768,Scratch_or_spot,"[[204.0, 713.0, 291.0, 761.0]]"
akhand_b43_473.jpg,1024,768,,[]
akhand_b43_382.jpg,1600,1200,Scratch_or_spot,"[[270.0, 246.0, 607.0, 396.0], [259.0, 437.0, 324.0, 618.0]]"
akhand_b43_163.jpg,640,480,,[]
akhand_b43_305.jpg,1024,768,Scratch_or_spot,"[[657.0, 638.0, 700.0, 712.0]]"
akhand_b43_185.jpg,640,480,,[]
akhand_b43_573.jpg,1024,768,Scratch_or_spot,"[[285.0, 28.0, 405.0, 83.0]]"
akhand_b43_129.jpg,640,480,Scratch_or_spot,"[[311.0, 365.0, 343.0, 402.0]]"
akhand_b43_557.jpg,1024,768,,[]
akhand_b43_225.jpg,800,600,,[]
akhand_b43_422.jpg,1024,768,,[]
akhand_b43_249.jpg,1024,768,,[]
akhand_b43_25.jpg,800,600,,[]
akhand_b43_148.jpg,640,480,,[]
akhand_b43_505.jpg,1024,768,,[]
akhand_b43_420.jpg,1024,768,Scratch_or_spot,"[[447.0, 426.0, 553.0, 495.0], [573.0, 380.0, 1002.0, 419.0]]"
akhand_b43_327.jpg,1600,1200,,[]
akhand_b43_162.jpg,800,600,,[]
akhand_b43_293.jpg,1024,768,,[]
akhand_b43_213.jpg,640,480,,[]
akhand_b43_222.jpg,800,600,Scratch_or_spot,"[[536.0, 274.0, 553.0, 310.0], [349.0, 194.0, 368.0, 217.0], [361.0, 217.0, 383.0, 244.0], [390.0, 215.0, 404.0, 237.0], [451.0, 372.0, 483.0, 394.0], [496.0, 357.0, 525.0, 370.0], [341.0, 155.0, 362.0, 185.0]]"
akhand_b43_365.jpg,800,600,,[]
akhand_b43_537.jpg,1024,768,Scratch_or_spot,"[[516.0, 557.0, 547.0, 588.0], [187.0, 541.0, 234.0, 638.0]]"
akhand_b43_370.jpg,800,600,,[]
akhand_b43_109.jpg,800,600,,[]
akhand_b43_92.jpg,800,600,Scratch_or_spot,"[[480.0, 384.0, 555.0, 438.0]]"
akhand_b43_103.jpg,800,600,,[]
akhand_b43_27.jpg,800,600,,[]
akhand_b43_392.jpg,1600,1200,,[]
akhand_b43_215.jpg,640,480,Scratch_or_spot,"[[386.0, 217.0, 435.0, 251.0]]"
akhand_b43_149.jpg,640,480,,[]
akhand_b43_219.jpg,640,480,Scratch_or_spot,"[[240.0, 218.0, 273.0, 240.0]]"
akhand_b43_17.jpg,640,480,,[]
akhand_b43_182.jpg,640,480,,[]
akhand_b43_474.jpg,1024,768,,[]
akhand_b43_444.jpg,1024,768,,[]
akhand_b43_353.jpg,1024,768,Scratch_or_spot,"[[240.0, 263.0, 305.0, 299.0], [271.0, 321.0, 358.0, 372.0]]"
akhand_b43_342.jpg,1600,1200,Scratch_or_spot,"[[757.0, 602.0, 880.0, 697.0], [822.0, 717.0, 990.0, 792.0], [1052.0, 665.0, 1142.0, 745.0]]"
akhand_b43_477.jpg,1024,768,Scratch_or_spot,"[[337.0, 316.0, 419.0, 372.0]]"
akhand_b43_386.jpg,800,600,,[]
akhand_b43_460.jpg,640,480,,[]
akhand_b43_98.jpg,800,600,Scratch_or_spot,"[[253.0, 492.0, 288.0, 522.0]]"
akhand_b43_579.jpg,1600,1200,Scratch_or_spot,"[[843.0, 477.0, 975.0, 585.0], [879.0, 672.0, 957.0, 699.0], [597.0, 893.0, 734.0, 957.0]]"
akhand_b43_299.jpg,1024,768,Scratch_or_spot,"[[627.0, 380.0, 678.0, 422.0]]"
akhand_b43_190.jpg,640,480,,[]
akhand_b43_86.jpg,800,600,,[]
akhand_b43_121.jpg,800,600,,[]
akhand_b43_588.jpg,800,600,,[]
akhand_b43_150.jpg,640,480,,[]
akhand_b43_267.jpg,640,480,Scratch_or_spot,"[[413.0, 247.0, 472.0, 298.0]]"
akhand_b43_502.jpg,1024,768,Scratch_or_spot,"[[366.0, 551.0, 456.0, 652.0]]"
akhand_b43_70.jpg,800,600,,[]
akhand_b43_393.jpg,1600,1200,,[]
akhand_b43_548.jpg,1024,768,,[]
akhand_b43_91.jpg,800,600,,[]
akhand_b43_449.jpg,1024,768,,[]
akhand_b43_311.jpg,1024,768,,[]
akhand_b43_294.jpg,1024,768,,[]
akhand_b43_297.jpg,1024,768,Scratch_or_spot,"[[327.0, 197.0, 441.0, 245.0]]"
akhand_b43_432.jpg,1024,768,,[]
akhand_b43_600.jpg,1600,1200,,[]
akhand_b43_509.jpg,1024,768,,[]
akhand_b43_43.jpg,1600,1200,Scratch_or_spot,"[[720.0, 512.0, 890.0, 608.0], [753.0, 627.0, 1086.0, 739.0], [260.0, 443.0, 607.0, 624.0]]"
akhand_b43_435.jpg,1024,768,,[]
akhand_b43_146.jpg,640,480,,[]
akhand_b43_195.jpg,640,480,,[]
akhand_b43_279.jpg,1024,768,,[]
akhand_b43_585.jpg,800,600,,[]
akhand_b43_112.jpg,640,480,,[]
akhand_b43_200.jpg,640,480,,[]
akhand_b43_436.jpg,1024,768,,[]
akhand_b43_13.jpg,640,480,,[]
akhand_b43_101.jpg,800,600,Scratch_or_spot,"[[467.0, 439.0, 496.0, 459.0], [512.0, 443.0, 527.0, 468.0]]"
akhand_b43_346.jpg,1024,768,,[]
akhand_b43_583.jpg,1600,1200,Scratch_or_spot,"[[555.0, 639.0, 1003.0, 733.0], [1074.0, 747.0, 1188.0, 824.0], [942.0, 934.0, 1052.0, 1070.0]]"
akhand_b43_83.jpg,800,600,,[]
akhand_b43_410.jpg,1024,768,Scratch_or_spot,"[[571.0, 433.0, 605.0, 449.0]]"
akhand_b43_61.jpg,800,600,Scratch_or_spot,"[[297.0, 264.0, 443.0, 365.0]]"
akhand_b43_437.jpg,1024,768,,[]
akhand_b43_316.jpg,1024,768,,[]
akhand_b43_203.jpg,640,480,,[]
akhand_b43_387.jpg,800,600,Scratch_or_spot,"[[353.0, 261.0, 374.0, 339.0]]"
akhand_b43_395.jpg,1600,1200,,[]
akhand_b43_530.jpg,1024,768,,[]
akhand_b43_85.jpg,800,600,,[]
akhand_b43_184.jpg,640,480,,[]
akhand_b43_490.jpg,1024,768,,[]
akhand_b43_545.jpg,640,480,Scratch_or_spot,"[[540.0, 183.0, 592.0, 286.0]]"
akhand_b43_212.jpg,640,480,,[]
akhand_b43_438.jpg,1024,768,,[]
akhand_b43_204.jpg,640,480,Scratch_or_spot,"[[346.0, 234.0, 385.0, 251.0]]"
akhand_b43_413.jpg,1024,768,,[]
akhand_b43_362.jpg,800,600,,[]
akhand_b43_240.jpg,1024,768,,[]
akhand_b43_488.jpg,1024,768,Scratch_or_spot,"[[451.0, 306.0, 536.0, 363.0], [492.0, 372.0, 513.0, 437.0], [489.0, 468.0, 538.0, 538.0]]"
akhand_b43_250.jpg,1024,768,,[]
akhand_b43_587.jpg,800,600,Scratch_or_spot,"[[171.0, 381.0, 196.0, 506.0]]"
akhand_b43_157.jpg,640,480,,[]
akhand_b43_199.jpg,640,480,,[]
akhand_b43_324.jpg,1600,1200,,[]
akhand_b43_54.jpg,800,600,,[]
akhand_b43_42.jpg,800,600,,[]
akhand_b43_403.jpg,1600,1200,,[]
akhand_b43_4.jpg,800,600,,[]
akhand_b43_28.jpg,800,600,,[]
akhand_b43_576.jpg,1600,1200,,[]
akhand_b43_532.jpg,1024,768,Scratch_or_spot,"[[451.0, 620.0, 518.0, 663.0], [399.0, 615.0, 440.0, 647.0]]"
akhand_b43_29.jpg,800,600,Scratch_or_spot,"[[234.0, 278.0, 267.0, 315.0]]"
akhand_b43_599.jpg,1600,1200,,[]
akhand_b43_90.jpg,800,600,,[]
akhand_b43_169.jpg,640,480,,[]
akhand_b43_358.jpg,800,600,Scratch_or_spot,"[[245.0, 421.0, 347.0, 472.0]]"
akhand_b43_243.jpg,1024,768,,[]
akhand_b43_94.jpg,800,600,Scratch_or_spot,"[[480.0, 233.0, 563.0, 374.0]]"
akhand_b43_519.jpg,1024,768,Scratch_or_spot,"[[406.0, 447.0, 636.0, 528.0], [645.0, 380.0, 771.0, 431.0]]"
akhand_b43_131.jpg,640,480,,[]
akhand_b43_45.jpg,1600,1200,Scratch_or_spot,"[[755.0, 576.0, 942.0, 732.0]]"
akhand_b43_177.jpg,800,600,Scratch_or_spot,"[[330.0, 416.0, 377.0, 447.0]]"
akhand_b43_77.jpg,800,600,,[]
akhand_b43_523.jpg,1024,768,,[]
akhand_b43_481.jpg,1024,768,,[]
akhand_b43_32.jpg,640,480,,[]
akhand_b43_256.jpg,1024,768,,[]
akhand_b43_333.jpg,720,540,Scratch_or_spot,"[[148.0, 299.0, 213.0, 331.0], [117.0, 311.0, 144.0, 339.0]]"
akhand_b43_430.jpg,1024,768,,[]
akhand_b43_448.jpg,1024,768,,[]
akhand_b43_323.jpg,1600,1200,,[]
akhand_b43_302.jpg,1024,768,,[]
akhand_b43_253.jpg,1024,768,Scratch_or_spot,"[[456.0, 622.0, 593.0, 690.0], [296.0, 453.0, 421.0, 635.0], [847.0, 416.0, 879.0, 452.0], [726.0, 481.0, 750.0, 508.0], [719.0, 536.0, 736.0, 559.0], [828.0, 495.0, 847.0, 516.0], [551.0, 370.0, 570.0, 394.0]]"
akhand_b43_331.jpg,720,540,,[]
akhand_b43_431.jpg,1024,768,,[]
akhand_b43_114.jpg,640,480,,[]
akhand_b43_508.jpg,1024,768,,[]
akhand_b43_207.jpg,640,480,,[]
akhand_b43_296.jpg,1024,768,,[]
akhand_b43_99.jpg,800,600,,[]
akhand_b43_581.jpg,1600,1200,Scratch_or_spot,"[[459.0, 666.0, 756.0, 810.0], [734.0, 1022.0, 808.0, 1113.0]]"
akhand_b43_180.jpg,640,480,,[]
akhand_b43_589.jpg,640,480,,[]
akhand_b43_304.jpg,1024,768,,[]
akhand_b43_241.jpg,1024,768,,[]
akhand_b43_492.jpg,1024,768,,[]
akhand_b43_160.jpg,800,600,,[]
akhand_b43_355.jpg,1024,768,Scratch_or_spot,"[[378.0, 552.0, 411.0, 599.0], [432.0, 542.0, 475.0, 591.0]]"
akhand_b43_381.jpg,800,600,,[]
akhand_b43_201.jpg,640,480,,[]
akhand_b43_526.jpg,1024,768,Scratch_or_spot,"[[255.0, 330.0, 573.0, 420.0], [579.0, 325.0, 654.0, 389.0], [664.0, 334.0, 741.0, 387.0], [792.0, 389.0, 827.0, 484.0]]"
akhand_b43_202.jpg,640,480,,[]
akhand_b43_96.jpg,800,600,,[]
akhand_b43_546.jpg,1024,768,,[]
akhand_b43_154.jpg,640,480,,[]
akhand_b43_469.jpg,1024,768,,[]
akhand_b43_35.jpg,800,600,Scratch_or_spot,"[[315.0, 277.0, 348.0, 309.0], [354.0, 283.0, 372.0, 329.0], [362.0, 354.0, 392.0, 412.0]]"
akhand_b43_369.jpg,800,600,Scratch_or_spot,"[[286.0, 306.0, 467.0, 372.0]]"
akhand_b43_140.jpg,640,480,,[]
akhand_b43_553.jpg,1024,768,,[]
akhand_b43_238.jpg,1024,768,,[]
akhand_b43_269.jpg,1024,768,,[]
akhand_b43_165.jpg,800,600,,[]
akhand_b43_464.jpg,1024,768,,[]
akhand_b43_136.jpg,800,600,,[]
akhand_b43_344.jpg,800,600,Scratch_or_spot,"[[483.0, 257.0, 552.0, 305.0]]"
akhand_b43_118.jpg,800,600,,[]
akhand_b43_456.jpg,1024,768,,[]
akhand_b43_384.jpg,1600,1200,,[]
akhand_b43_55.jpg,800,600,,[]
akhand_b43_350.jpg,1024,768,,[]
akhand_b43_495.jpg,1024,768,,[]
akhand_b43_106.jpg,800,600,Scratch_or_spot,"[[387.0, 403.0, 455.0, 419.0], [503.0, 391.0, 524.0, 412.0], [263.0, 470.0, 287.0, 487.0]]"
akhand_b43_555.jpg,1024,768,,[]
akhand_b43_571.jpg,1024,768,,[]
akhand_b43_166.jpg,800,600,,[]
akhand_b43_251.jpg,1024,768,,[]
akhand_b43_108.jpg,800,600,,[]
akhand_b43_352.jpg,1024,768,,[]
akhand_b43_66.jpg,1600,1200,,[]
akhand_b43_5.jpg,1280,768,,[]
akhand_b43_218.jpg,640,480,Scratch_or_spot,"[[427.0, 382.0, 435.0, 413.0]]"
akhand_b43_310.jpg,1024,768,Scratch_or_spot,"[[684.0, 258.0, 714.0, 367.0]]"
akhand_b43_567.jpg,1024,768,,[]
akhand_b43_3.jpg,800,600,,[]
akhand_b43_75.jpg,800,600,,[]
akhand_b43_598.jpg,1600,1200,,[]
akhand_b43_191.jpg,640,480,,[]
akhand_b43_289.jpg,1024,768,Scratch_or_spot,"[[169.0, 290.0, 291.0, 428.0]]"
akhand_b43_525.jpg,1024,768,,[]
akhand_b43_551.jpg,1024,768,,[]
akhand_b43_466.jpg,1024,768,Scratch_or_spot,"[[492.0, 518.0, 506.0, 542.0], [510.0, 554.0, 533.0, 567.0]]"
akhand_b43_561.jpg,1024,768,Scratch_or_spot,"[[599.0, 272.0, 1023.0, 569.0]]"
akhand_b43_582.jpg,1600,1200,,[]
akhand_b43_6.jpg,640,480,,[]
akhand_b43_260.jpg,1024,768,,[]
akhand_b43_414.jpg,1024,768,,[]
akhand_b43_119.jpg,800,600,,[]
akhand_b43_120.jpg,800,600,,[]
akhand_b43_434.jpg,1024,768,,[]
akhand_b43_261.jpg,1024,768,,[]
akhand_b43_416.jpg,1024,768,,[]
akhand_b43_372.jpg,800,600,Scratch_or_spot,"[[451.0, 325.0, 501.0, 380.0], [503.0, 294.0, 557.0, 335.0]]"
akhand_b43_295.jpg,1024,768,Scratch_or_spot,"[[465.0, 320.0, 544.0, 377.0], [365.0, 362.0, 453.0, 412.0]]"
akhand_b43_533.jpg,1024,768,,[]
akhand_b43_117.jpg,1600,1200,,[]
akhand_b43_244.jpg,1024,768,,[]
akhand_b43_345.jpg,640,480,,[]
akhand_b43_368.jpg,800,600,Scratch_or_spot,"[[329.0, 370.0, 445.0, 432.0], [174.0, 404.0, 267.0, 434.0]]"
akhand_b43_20.jpg,640,480,,[]
akhand_b43_363.jpg,800,600,Scratch_or_spot,"[[438.0, 186.0, 515.0, 246.0], [362.0, 257.0, 419.0, 323.0], [353.0, 333.0, 403.0, 391.0]]"
akhand_b43_538.jpg,1024,768,Scratch_or_spot,"[[537.0, 562.0, 573.0, 574.0], [221.0, 578.0, 266.0, 660.0]]"
akhand_b43_407.jpg,1024,768,,[]
akhand_b43_580.jpg,1600,1200,,[]
akhand_b43_220.jpg,640,480,,[]
akhand_b43_539.jpg,1024,768,Scratch_or_spot,"[[627.0, 498.0, 649.0, 532.0]]"
akhand_b43_578.jpg,800,600,,[]
akhand_b43_397.jpg,1600,1200,,[]
akhand_b43_187.jpg,640,480,Scratch_or_spot,"[[289.0, 160.0, 313.0, 215.0], [316.0, 64.0, 386.0, 130.0]]"
akhand_b43_319.jpg,1600,1200,Scratch_or_spot,"[[793.0, 810.0, 1012.0, 882.0]]"
akhand_b43_591.jpg,1600,1200,,[]
akhand_b43_315.jpg,1024,768,Scratch_or_spot,"[[512.0, 523.0, 656.0, 606.0], [453.0, 575.0, 498.0, 657.0]]"
akhand_b43_478.jpg,1024,768,,[]
akhand_b43_472.jpg,1024,768,Scratch_or_spot,"[[305.0, 445.0, 561.0, 522.0], [600.0, 618.0, 639.0, 668.0], [641.0, 591.0, 671.0, 626.0], [672.0, 557.0, 723.0, 599.0]]"
akhand_b43_87.jpg,640,480,,[]
akhand_b43_453.jpg,1024,768,,[]
akhand_b43_298.jpg,1024,768,,[]
akhand_b43_594.jpg,1600,1200,,[]
akhand_b43_592.jpg,1600,1200,,[]
akhand_b43_164.jpg,800,600,,[]
akhand_b43_245.jpg,1024,768,,[]
akhand_b43_379.jpg,1024,768,,[]
akhand_b43_174.jpg,640,480,Scratch_or_spot,"[[373.0, 332.0, 386.0, 361.0]]"
akhand_b43_361.jpg,800,600,,[]
akhand_b43_273.jpg,1024,768,,[]
akhand_b43_143.jpg,640,480,,[]
akhand_b43_167.jpg,800,600,,[]
akhand_b43_458.jpg,1024,768,Scratch_or_spot,"[[420.0, 473.0, 471.0, 516.0]]"
akhand_b43_234.jpg,1024,768,,[]
akhand_b43_258.jpg,1024,768,,[]
akhand_b43_39.jpg,800,600,,[]
akhand_b43_53.jpg,800,600,,[]
akhand_b43_67.jpg,1600,1200,Scratch_or_spot,"[[906.0, 727.0, 1126.0, 823.0]]"
akhand_b43_563.jpg,1024,768,,[]
akhand_b43_50.jpg,640,480,,[]
akhand_b43_325.jpg,1600,1200,,[]
akhand_b43_340.jpg,1600,1200,,[]
akhand_b43_540.jpg,1024,768,Scratch_or_spot,"[[751.0, 443.0, 782.0, 478.0], [687.0, 464.0, 735.0, 494.0], [729.0, 416.0, 768.0, 433.0]]"
akhand_b43_141.jpg,640,480,,[]
akhand_b43_552.jpg,1024,768,,[]
akhand_b43_270.jpg,1024,768,,[]
akhand_b43_147.jpg,640,480,,[]
akhand_b43_111.jpg,640,480,,[]
akhand_b43_596.jpg,1600,1200,,[]
akhand_b43_398.jpg,1600,1200,,[]
akhand_b43_411.jpg,1024,768,,[]
akhand_b43_126.jpg,800,600,Scratch_or_spot,"[[313.0, 279.0, 460.0, 446.0]]"
akhand_b43_568.jpg,1024,768,,[]
akhand_b43_88.jpg,800,600,Scratch_or_spot,"[[346.0, 73.0, 387.0, 131.0]]"
akhand_b43_34.jpg,640,480,,[]
akhand_b43_280.jpg,1024,768,,[]
akhand_b43_161.jpg,800,600,,[]
akhand_b43_328.jpg,1600,1200,,[]
akhand_b43_390.jpg,1600,1200,,[]
akhand_b43_544.jpg,1024,768,Scratch_or_spot,"[[570.0, 520.0, 621.0, 544.0], [501.0, 525.0, 536.0, 563.0]]"
akhand_b43_175.jpg,800,600,Scratch_or_spot,"[[486.0, 343.0, 508.0, 372.0]]"
akhand_b43_542.jpg,1024,768,,[]
akhand_b43_320.jpg,800,600,,[]
akhand_b43_499.jpg,1024,768,Scratch_or_spot,"[[462.0, 308.0, 510.0, 379.0]]"
akhand_b43_178.jpg,640,480,,[]
akhand_b43_130.jpg,640,480,,[]
akhand_b43_417.jpg,1024,768,Scratch_or_spot,"[[123.0, 543.0, 327.0, 629.0], [360.0, 531.0, 516.0, 588.0], [531.0, 515.0, 636.0, 564.0], [666.0, 504.0, 793.0, 548.0]]"
akhand_b43_391.jpg,1600,1200,,[]
akhand_b43_496.jpg,1024,768,,[]
akhand_b43_337.jpg,720,540,,[]
akhand_b43_78.jpg,800,600,,[]
akhand_b43_156.jpg,640,480,Scratch_or_spot,"[[377.0, 269.0, 423.0, 305.0], [295.0, 298.0, 352.0, 309.0], [338.0, 258.0, 372.0, 272.0]]"
akhand_b43_399.jpg,1600,1200,,[]
akhand_b43_334.jpg,720,540,Scratch_or_spot,"[[299.0, 258.0, 343.0, 293.0]]"
akhand_b43_317.jpg,1024,768,Scratch_or_spot,"[[384.0, 430.0, 511.0, 480.0]]"
akhand_b43_107.jpg,800,600,,[]
akhand_b43_349.jpg,1024,768,,[]
akhand_b43_518.jpg,1024,768,Scratch_or_spot,"[[622.0, 491.0, 848.0, 649.0], [21.0, 531.0, 72.0, 618.0]]"
akhand_b43_412.jpg,1024,768,,[]
akhand_b43_113.jpg,640,480,,[]
akhand_b43_282.jpg,1024,768,,[]
akhand_b43_493.jpg,1024,768,,[]
akhand_b43_425.jpg,1024,768,Scratch_or_spot,"[[666.0, 261.0, 929.0, 322.0], [551.0, 303.0, 663.0, 345.0], [352.0, 366.0, 468.0, 412.0]]"
akhand_b43_336.jpg,720,540,Scratch_or_spot,"[[424.0, 209.0, 507.0, 249.0], [599.0, 234.0, 688.0, 291.0], [352.0, 209.0, 416.0, 237.0], [222.0, 370.0, 255.0, 386.0]]"
akhand_b43_242.jpg,1024,768,,[]
akhand_b43_335.jpg,720,540,,[]
akhand_b43_63.jpg,640,480,,[]
akhand_b43_110.jpg,800,600,,[]
akhand_b43_559.jpg,1024,768,,[]
akhand_b43_314.jpg,1024,768,,[]
akhand_b43_268.jpg,1024,768,,[]
akhand_b43_339.jpg,1024,768,,[]
akhand_b43_303.jpg,1024,768,,[]
akhand_b43_475.jpg,1024,768,Scratch_or_spot,"[[536.0, 595.0, 563.0, 658.0]]"
akhand_b43_556.jpg,1024,768,,[]
akhand_b43_286.jpg,1024,768,,[]
akhand_b43_0.jpg,640,360,,[]
akhand_b43_10.jpg,640,480,,[]
akhand_b43_415.jpg,1024,768,,[]
akhand_b43_452.jpg,1024,768,,[]
akhand_b43_138.jpg,640,480,,[]
akhand_b43_216.jpg,640,480,Scratch_or_spot,"[[449.0, 224.0, 472.0, 244.0]]"
akhand_b43_504.jpg,1024,768,,[]
akhand_b43_376.jpg,1024,768,Scratch_or_spot,"[[336.0, 564.0, 370.0, 599.0], [314.0, 608.0, 347.0, 641.0]]"
akhand_b43_116.jpg,1600,1200,,[]
akhand_b43_206.jpg,640,480,Scratch_or_spot,"[[336.0, 274.0, 381.0, 305.0]]"
akhand_b43_503.jpg,1024,768,Scratch_or_spot,"[[478.0, 532.0, 511.0, 567.0]]"
akhand_b43_11.jpg,800,600,Scratch_or_spot,"[[305.0, 278.0, 372.0, 314.0], [376.0, 307.0, 438.0, 352.0], [444.0, 351.0, 500.0, 382.0], [489.0, 391.0, 534.0, 427.0]]"
akhand_b43_231.jpg,1024,768,,[]
akhand_b43_529.jpg,1024,768,,[]
akhand_b43_359.jpg,800,600,Scratch_or_spot,"[[155.0, 334.0, 230.0, 374.0], [184.0, 407.0, 210.0, 452.0], [247.0, 338.0, 290.0, 365.0], [375.0, 252.0, 519.0, 282.0]]"
akhand_b43_16.jpg,800,600,,[]
akhand_b43_57.jpg,800,600,Scratch_or_spot,"[[373.0, 495.0, 403.0, 547.0], [400.0, 461.0, 422.0, 488.0]]"
akhand_b43_515.jpg,1024,768,,[]
akhand_b43_125.jpg,800,600,Scratch_or_spot,"[[297.0, 449.0, 325.0, 491.0]]"
akhand_b43_486.jpg,1024,768,Scratch_or_spot,"[[471.0, 379.0, 502.0, 417.0]]"
akhand_b43_404.jpg,1600,1200,,[]
akhand_b43_49.jpg,800,600,,[]
akhand_b43_307.jpg,1024,768,Scratch_or_spot,"[[593.0, 589.0, 642.0, 634.0], [597.0, 679.0, 649.0, 713.0]]"
